"PlayerPosition","idPlayer","namePlayer"
"C",201599,"DeAndre Jordan"
"C",201150,"Spencer Hawes"
"C",201577,"Robin Lopez"
"C",201586,"Serge Ibaka"
"C",201149,"Joakim Noah"
"C",201572,"Brook Lopez"
"C",101162,"Marcin Gortat"
"C",201567,"Kevin Love"
"C",2200,"Pau Gasol"
"C",203076,"Anthony Davis"
"C",201579,"Roy Hibbert"
"C",2744,"Al Jefferson"
"C",2547,"Chris Bosh"
"C",202324,"Derrick Favors"
"C",203083,"Andre Drummond"
"C",201143,"Al Horford"
"C",202326,"DeMarcus Cousins"
"C",2199,"Tyson Chandler"
"C",2730,"Dwight Howard"
"C",101112,"Channing Frye"
"C",202696,"Nikola Vucevic"
"C",202328,"Greg Monroe"
"C",201593,"Nikola Pekovic"
"C",201160,"Jason Smith"
"C",202685,"Jonas Valanciunas"
"C",203096,"Jared Sullinger"
"C",201959,"Taj Gibson"
"C",2403,"Nene"
"C",200745,"Andrea Bargnani"
"C",201188,"Marc Gasol"
"C",101106,"Andrew Bogut"
"C",201581,"JJ Hickson"
"C",203101,"Miles Plumlee"
"C",202683,"Enes Kanter"
"C",202389,"Timofey Mozgov"
"C",202336,"Larry Sanders"
"C",203089,"John Henson"
"C",201175,"Glen Davis"
"C",2549,"Chris Kaman"
"C",201941,"Jordan Hill"
"C",2760,"Anderson Varejao"
"C",2585,"Zaza Pachulia"
"C",2743,"Kris Humphries"
"C",203156,"Henry Sims"
"C",201574,"Jason Thompson"
"C",203482,"Kelly Olynyk"
"C",202327,"Ekpe Udoh"
"C",979,"Jermaine O'Neal"
"C",201600,"Omer Asik"
"C",201168,"Tiago Splitter"
"C",2405,"Amar'e Stoudemire"
"C",101142,"Ronny Turiaf"
"C",101154,"Andray Blatche"
"C",203135,"Robert Sacre"
"C",202970,"Gustavo Ayon"
"C",203486,"Mason Plumlee"
"C",101115,"Andrew Bynum"
"C",201880,"Greg Stiemsma"
"C",2223,"Samuel Dalembert"
"C",2365,"Chris Andersen"
"C",203544,"Pero Antic"
"C",201580,"JaVale McGee"
"C",202730,"Lavoy Allen"
"C",2570,"Kendrick Perkins"
"C",101133,"Ian Mahinmi"
"C",708,"Kevin Garnett"
"C",203476,"Gorgui Dieng"
"C",203473,"Dewayne Dedmon"
"C",201585,"Kosta Koufos"
"C",202700,"Donatas Motiejunas"
"C",203500,"Steven Adams"
"C",203469,"Cody Zeller"
"C",203092,"Tyler Zeller"
"C",200777,"Joel Freeland"
"C",201582,"Alexis Ajinca"
"C",203543,"Vitor Faverani"
"C",201971,"DeJuan Blair"
"C",202363,"Jarvis Varnado"
"C",2555,"Nick Collison"
"C",203481,"Jeff Withey"
"C",202350,"Daniel Orton"
"C",201965,"Jeff Ayres"
"C",202687,"Bismack Biyombo"
"C",202332,"Cole Aldrich"
"C",202338,"Kevin Seraphin"
"C",203120,"Justin Hamilton"
"C",201578,"Marreese Speights"
"C",201946,"Tyler Hansbrough"
"C",203488,"Mike Muscala"
"C",200756,"Hilton Armstrong"
"C",202725,"Josh Harrellson"
"C",2588,"Matt Bonner"
"C",203086,"Meyers Leonard"
"C",2408,"Melvin Ely"
"C",2215,"Jason Collins"
"C",203545,"Miroslav Raduljica"
"C",202962,"Greg Smith"
"C",201957,"Byron Mullens"
"C",203497,"Rudy Gobert"
"C",201189,"Aaron Gray"
"C",201202,"Joel Anthony"
"C",203382,"Aron Baynes"
"C",200797,"Ryan Hollins"
"C",203458,"Alex Len"
"C",2740,"Andris Biedrins"
"C",201141,"Greg Oden"
"C",202380,"Hamady Ndiaye"
"C",201934,"Hasheem Thabeet"
"C",203136,"Ognjen Kuzmic"
"C",203108,"Bernard James"
"C",1737,"Nazr Mohammed"
"C",202620,"Arinze Onuaku"
"C",203139,"Viacheslav Kravtsov"
"C",202354,"Dexter Pittman"
"C",203457,"Nerlens Noel"
"C",202684,"Tristan Thompson"
"C",2564,"Boris Diaw"
"C",202355,"Hassan Whiteside"
"C",203940,"Adreian Payne"
"C",101138,"Brandon Bass"
"C",203994,"Jusuf Nurkic"
"C",204028,"Tarik Black"
"C",101135,"David Lee"
"C",203124,"Kyle O'Quinn"
"C",2501,"Reggie Evans"
"C",201595,"Joey Dorsey"
"C",203105,"Festus Ezeli"
"C",1882,"Elton Brand"
"C",203991,"Clint Capela"
"C",203128,"Furkan Aldemir"
"C",203530,"Joffrey Lauvergne"
"C",203950,"Jarnell Stokes"
"C",202366,"Jerome Jordan"
"C",2217,"Brendan Haywood"
"C",2853,"Earl Barron"
"C",101236,"Chuck Hayes"
"C",203963,"Shayne Whittington"
"C",204079,"Drew Gordon"
"C",204021,"Sim Bhullar"
"C",203946,"Cameron Bairstow"
"C",203512,"Lucas Nogueira"
"C",203945,"Alex Kirk"
"C",1626143,"Jahlil Okafor"
"C",204001,"Kristaps Porzingis"
"C",1626157,"Karl-Anthony Towns"
"C",1626167,"Myles Turner"
"C",1495,"Tim Duncan"
"C",203999,"Nikola Jokic"
"C",1626161,"Willie Cauley-Stein"
"C",1626163,"Frank Kaminsky"
"C",202334,"Ed Davis"
"C",203939,"Dwight Powell"
"C",1626257,"Salah Mejri"
"C",202353,"Tibor Pleiss"
"C",203186,"Willie Reed"
"C",1626210,"Alan Williams"
"C",1626246,"Boban Marjanovic"
"C",203948,"Johnny O'Bryant III"
"C",204002,"Edy Tavares"
"C",1626245,"Cristiano Felicio"
"C",202712,"Justin Harper"
"C",203961,"Eric Moreland"
"C",201619,"Sasha Kaun"
"C",203954,"Joel Embiid"
"C",1627826,"Ivica Zubac"
"C",1627746,"Skal Labissiere"
"C",1626195,"Willy Hernangomez"
"C",1627834,"Georgios Papagiannis"
"C",1627850,"Marshall Plumlee"
"C",1627748,"Thon Maker"
"C",1627778,"Chinanu Onuaku"
"C",1627751,"Jakob Poeltl"
"C",1627861,"Mike Tobey"
"C",1627745,"Damian Jones"
"C",1627773,"AJ Hammons"
"C",1627757,"Stephen Zimmerman"
"C",1627754,"Diamond Stone"
"C",203944,"Julius Randle"
"C",1628381,"John Collins"
"C",1627734,"Domantas Sabonis"
"C",1628386,"Jarrett Allen"
"C",1717,"Dirk Nowitzki"
"C",1626149,"Montrezl Harrell"
"C",2731,"Emeka Okafor"
"C",1628464,"Daniel Theis"
"C",1628395,"Jordan Bell"
"C",203920,"Khem Birch"
"C",1628436,"Luke Kornet"
"C",101161,"Amir Johnson"
"C",1626158,"Richaun Holmes"
"C",202720,"Jon Leuer"
"C",1628389,"Bam Adebayo"
"C",1628380,"Zach Collins"
"C",202722,"Davis Bertans"
"C",1627738,"Deyonta Davis"
"C",204022,"Jack Cooley"
"C",1626175,"Jordan Mickey"
"C",1627790,"Ante Zizic"
"C",201148,"Brandan Wright"
"C",1627753,"Zhou Qi"
"C",1627856,"Matt Costello"
"C",1627762,"Joel Bolomboy"
"C",1626177,"Dakari Johnson"
"C",1628403,"Caleb Swanigan"
"C",1628418,"Thomas Bryant"
"C",1628493,"Mangok Mathiang"
"C",1628387,"Ike Anigbogu"
"C",1628396,"Tony Bradley"
"C",201177,"Josh McRoberts"
"C",1629028,"Deandre Ayton"
"C",200746,"LaMarcus Aldridge"
"C",1628976,"Wendell Carter Jr."
"C",1629011,"Mitchell Robinson"
"C",1626172,"Kevon Looney"
"C",1628991,"Jaren Jackson Jr."
"C",202702,"Kenneth Faried"
"C",1628964,"Mo Bamba"
"C",1628385,"Harry Giles III"
"C",1629021,"Moritz Wagner"
"C",1629116,"Angel Delgado"
"C",1629057,"Robert Williams III"
"C",1629353,"Isaac Humphries"
"C",1628392,"Isaiah Hartenstein"
"C",1628383,"Justin Patton"
"C",1629118,"Thomas Welsh"
"C",1629093,"Tyler Davis"
"C",1628374,"Lauri Markkanen"
"C",1629675,"Naz Reid"
"C",1628394,"Anzejs Pasecniks"
"C",1626204,"Larry Nance Jr."
"C",1629234,"Drew Eubanks"
"C",1629637,"Jaxson Hayes"
"C",1628449,"Chris Boucher"
"C",1629651,"Nicolas Claxton"
"C",203210,"JaMychal Green"
"C",1629626,"Bol Bol"
"C",1629667,"Jalen McDaniels"
"C",1628450,"Eric Mika"
"C",1628981,"Bruno Fernando"
"C",1629655,"Daniel Gafford"
"C",1627767,"Cheick Diallo"
"C",1629048,"Goga Bitadze"
"C",1629002,"Chimezie Metu"
"C",1629738,"Vincent Poirier"
"C",1629662,"Mfiondu Kabengele"
"C",1629734,"Kyle Alexander"
"C",1629605,"Tacko Fall"
"C",1629650,"Moses Brown"
"C",1629731,"Dean Wade"
"C",1629716,"Marques Bolden"
"C",1629608,"Dewan Hernandez"
"C",1627740,"Henry Ellenson"
"C",1630191,"Isaiah Stewart"
"C",1630164,"James Wiseman"
"C",1630197,"Aleksej Pokusevski"
"C",203967,"Dario Saric"
"C",1629743,"Donta Hall"
"C",1630168,"Onyeka Okongwu"
"C",203658,"Norvel Pelle"
"C",1630192,"Zeke Nnaji"
"C",1629681,"Killian Tillie"
"C",1630233,"Nathan Knight"
"C",1629007,"Jontay Porter"
"C",1629617,"Reggie Perry"
"C",1630188,"Jalen Smith"
"C",1628578,"Amida Brimah"
"C",1630187,"Daniel Oturu"
"C",1630208,"Nick Richards"
"C",1630176,"Vernon Carey Jr."
"C",1628962,"Udoka Azubuike"
"G",202689,"Kemba Walker"
"G",202331,"Paul George"
"G",201935,"James Harden"
"G",202391,"Jeremy Lin"
"G",202710,"Jimmy Butler"
"G",203506,"Victor Oladipo"
"G",202691,"Klay Thompson"
"G",201950,"Jrue Holiday"
"G",203078,"Bradley Beal"
"G",201588,"George Hill"
"G",203081,"Damian Lillard"
"G",202738,"Isaiah Thomas"
"G",201937,"Ricky Rubio"
"G",202681,"Kyrie Irving"
"G",201975,"Jodie Meeks"
"G",200768,"Kyle Lowry"
"G",101181,"Jose Calderon"
"G",202339,"Eric Bledsoe"
"G",201565,"Derrick Rose"
"G",201144,"Mike Conley"
"G",202323,"Evan Turner"
"G",101145,"Monta Ellis"
"G",202688,"Brandon Knight"
"G",2738,"Andre Iguodala"
"G",101114,"Deron Williams"
"G",202083,"Wesley Matthews"
"G",977,"Kobe Bryant"
"G",201980,"Danny Green"
"G",203487,"Michael Carter-Williams"
"G",2594,"Kyle Korver"
"G",202692,"Alec Burks"
"G",2225,"Tony Parker"
"G",201939,"Stephen Curry"
"G",101109,"Raymond Felton"
"G",202322,"John Wall"
"G",201167,"Arron Afflalo"
"G",202695,"Kawhi Leonard"
"G",2550,"Kirk Hinrich"
"G",101108,"Chris Paul"
"G",201943,"Brandon Jennings"
"G",202704,"Reggie Jackson"
"G",202340,"Avery Bradley"
"G",202362,"Lance Stephenson"
"G",201936,"Tyreke Evans"
"G",203079,"Dion Waiters"
"G",101127,"Jarrett Jack"
"G",200751,"Randy Foye"
"G",201976,"Patrick Beverley"
"G",203504,"Trey Burke"
"G",201945,"Gerald Henderson"
"G",201609,"Goran Dragic"
"G",202341,"James Anderson"
"G",2581,"Steve Blake"
"G",200755,"JJ Redick"
"G",2749,"Jameer Nelson"
"G",201942,"DeMar DeRozan"
"G",201951,"Ty Lawson"
"G",101123,"Gerald Green"
"G",202330,"Gordon Hayward"
"G",201952,"Jeff Teague"
"G",201596,"Mario Chalmers"
"G",201954,"Darren Collison"
"G",203463,"Ben McLemore"
"G",200782,"P.J. Tucker"
"G",200757,"Thabo Sefolosha"
"G",2548,"Dwyane Wade"
"G",203492,"Ray McCallum"
"G",203507,"Giannis Antetokounmpo"
"G",2207,"Joe Johnson"
"G",1713,"Vince Carter"
"G",2755,"Kevin Martin"
"G",2733,"Shaun Livingston"
"G",202697,"Iman Shumpert"
"G",201571,"D.J. Augustin"
"G",201156,"Nick Young"
"G",203088,"Kendall Marshall"
"G",203489,"Nate Wolters"
"G",2590,"Mo Williams"
"G",200765,"Rajon Rondo"
"G",2747,"JR Smith"
"G",101110,"Martell Webster"
"G",201166,"Aaron Brooks"
"G",951,"Ray Allen"
"G",2037,"Jamal Crawford"
"G",201155,"Rodney Stuckey"
"G",201196,"Ramon Sessions"
"G",201158,"Marco Belinelli"
"G",203138,"Hollis Thompson"
"G",200770,"Jordan Farmar"
"G",201584,"Courtney Lee"
"G",202714,"Shelvin Mack"
"G",203148,"Brian Roberts"
"G",203501,"Tim Hardaway Jr."
"G",201564,"O.J. Mayo"
"G",201566,"Russell Westbrook"
"G",201573,"Jerryd Bayless"
"G",203087,"Jeremy Lamb"
"G",101128,"Francisco Garcia"
"G",202333,"Xavier Henry"
"G",203521,"Matthew Dellavedova"
"G",101150,"Lou Williams"
"G",202412,"Manny Harris"
"G",202349,"Greivis Vasquez"
"G",203100,"Tony Wroten"
"G",203095,"Evan Fournier"
"G",201569,"Eric Gordon"
"G",202706,"Jordan Hamilton"
"G",2757,"Beno Udrih"
"G",201604,"Chris Douglas-Roberts"
"G",2422,"John Salmons"
"G",202390,"Gary Neal"
"G",959,"Steve Nash"
"G",202709,"Cory Joseph"
"G",101187,"Alan Anderson"
"G",2754,"Tony Allen"
"G",202348,"Jordan Crawford"
"G",101139,"CJ Miles"
"G",203187,"Chris Johnson"
"G",1938,"Manu Ginobili"
"G",201977,"Marcus Thornton"
"G",202734,"E'Twaun Moore"
"G",101126,"Nate Robinson"
"G",2734,"Devin Harris"
"G",201988,"Patty Mills"
"G",201228,"C.J. Watson"
"G",203085,"Austin Rivers"
"G",203484,"Kentavious Caldwell-Pope"
"G",203145,"Kent Bazemore"
"G",202708,"Norris Cole"
"G",203268,"Jorge Gutierrez"
"G",203584,"Troy Daniels"
"G",2557,"Luke Ridnour"
"G",203143,"Pablo Prigioni"
"G",101198,"Will Bynum"
"G",202397,"Ish Smith"
"G",200826,"J.J. Barea"
"G",203318,"Glen Rice"
"G",201627,"Anthony Morrow"
"G",965,"Derek Fisher"
"G",203460,"Andre Roberson"
"G",203130,"Darius Johnson-Odom"
"G",2592,"James Jones"
"G",203477,"Isaiah Canaan"
"G",201979,"Nick Calathes"
"G",203503,"Tony Snell"
"G",203116,"Tyshawn Taylor"
"G",1889,"Andre Miller"
"G",203197,"Diante Garrett"
"G",2584,"Willie Green"
"G",201962,"Toney Douglas"
"G",203468,"CJ McCollum"
"G",203098,"John Jenkins"
"G",203515,"Phil Pressey"
"G",203471,"Dennis Schroder"
"G",203104,"Marquis Teague"
"G",1891,"Jason Terry"
"G",1497,"Chauncey Billups"
"G",2571,"Leandro Barbosa"
"G",2248,"Earl Watson"
"G",203491,"Peyton Siva"
"G",202066,"Garrett Temple"
"G",203499,"Shane Larkin"
"G",2756,"Sasha Vujacic"
"G",203493,"Reggie Bullock"
"G",202343,"Elliot Williams"
"G",2457,"Jannero Pargo"
"G",101249,"John Lucas III"
"G",202721,"Darius Morris"
"G",101179,"Ronnie Price"
"G",201575,"Brandon Rush"
"G",201961,"Wayne Ellington"
"G",203115,"Will Barton"
"G",203539,"Gal Mekel"
"G",202690,"Jimmer Fredette"
"G",203810,"Casper Ware"
"G",203111,"Orlando Johnson"
"G",203479,"Jamaal Franklin"
"G",2732,"Ben Gordon"
"G",203144,"Alexey Shved"
"G",2224,"Jamaal Tinsley"
"G",203462,"Archie Goodwin"
"G",200769,"Shannon Brown"
"G",2586,"Keith Bogans"
"G",202933,"Julyan Stone"
"G",1536,"Stephen Jackson"
"G",201986,"Nando De Colo"
"G",2446,"Rasual Butler"
"G",2427,"Roger Mason Jr."
"G",203508,"Sergey Karasev"
"G",202388,"Donald Sloan"
"G",203569,"Chris Babb"
"G",201953,"Eric Maynor"
"G",203485,"Lorenzo Brown"
"G",203315,"Toure' Murry"
"G",202705,"MarShon Brooks"
"G",203099,"Jared Cunningham"
"G",203117,"Doron Lamb"
"G",2229,"Mike James"
"G",203517,"Nemanja Nedovic"
"G",202779,"Dwight Buycks"
"G",203467,"Carrick Felix"
"G",202091,"Dionte Christmas"
"G",2735,"Josh Childress"
"G",201785,"Othyus Jeffers"
"G",203546,"Ian Clark"
"G",203459,"Allen Crabbe"
"G",201985,"AJ Price"
"G",203552,"Seth Curry"
"G",203519,"Adonis Thomas"
"G",203505,"Vander Blue"
"G",201203,"Mustafa Shakur"
"G",203495,"Ricky Ledo"
"G",203474,"DJ Stephens"
"G",203146,"Maalik Wayns"
"G",203816,"Scotty Hopson"
"G",2767,"Royal Ivey"
"G",203952,"Andrew Wiggins"
"G",204038,"Langston Galloway"
"G",203901,"Elfrid Payton"
"G",203114,"Khris Middleton"
"G",203082,"Terrence Ross"
"G",204020,"Tyler Johnson"
"G",202347,"Quincy Pondexter"
"G",203935,"Marcus Smart"
"G",203903,"Jordan Clarkson"
"G",201147,"Corey Brewer"
"G",202711,"Bojan Bogdanovic"
"G",203897,"Zach LaVine"
"G",203909,"KJ McDaniels"
"G",204025,"Tim Frazier"
"G",201162,"Jared Dudley"
"G",203913,"Jabari Brown"
"G",2202,"Jason Richardson"
"G",203957,"Dante Exum"
"G",203918,"Rodney Hood"
"G",204065,"David Stockton"
"G",203894,"Shabazz Napier"
"G",203917,"Nik Stauskas"
"G",203960,"JaKarr Sampson"
"G",101122,"Danny Granger"
"G",1890,"Shawn Marion"
"G",203900,"Markel Brown"
"G",202407,"Elijah Millsap"
"G",203580,"Larry Drew II"
"G",204060,"Joe Ingles"
"G",2742,"Sebastian Telfair"
"G",203798,"PJ Hairston"
"G",2034,"Mike Miller"
"G",203914,"Gary Harris"
"G",201991,"Lester Hudson"
"G",203925,"Joe Harris"
"G",203200,"Justin Holiday"
"G",202361,"Landry Fields"
"G",203898,"Tyler Ennis"
"G",203922,"Glenn Robinson III"
"G",203910,"Nick Johnson"
"G",203919,"Jordan Adams"
"G",203955,"Bryce Cotton"
"G",203915,"Spencer Dinwiddie"
"G",203930,"Sean Kilpatrick"
"G",203475,"Erick Green"
"G",203805,"Will Cherry"
"G",203923,"James Young"
"G",203565,"Patrick Christopher"
"G",203564,"Kalin Lucas"
"G",2563,"Dahntay Jones"
"G",203893,"Russ Smith"
"G",203958,"Andre Dawkins"
"G",204054,"Zoran Dragic"
"G",203912,"C.J. Wilcox"
"G",202077,"Jerel McNeal"
"G",1626144,"Emmanuel Mudiay"
"G",1627362,"Briante Weber"
"G",1626156,"D'Angelo Russell"
"G",201587,"Nicolas Batum"
"G",1626164,"Devin Booker"
"G",1626178,"Rondae Hollis-Jefferson"
"G",1626196,"Josh Richardson"
"G",202325,"Wesley Johnson"
"G",2399,"Mike Dunleavy"
"G",203526,"Raul Neto"
"G",1626214,"Bryce Dejean-Jones"
"G",204456,"T.J. McConnell"
"G",1626181,"Norman Powell"
"G",1626209,"Mario Hezonja"
"G",1626170,"Jerian Grant"
"G",1626273,"Marcelo Huertas"
"G",1626253,"Axel Toupane"
"G",1626145,"Tyus Jones"
"G",204098,"Xavier Munford"
"G",1626166,"Cameron Payne"
"G",1626173,"Rashad Vaughn"
"G",1626147,"Justin Anderson"
"G",203613,"Jonathon Simmons"
"G",203934,"Lamar Patterson"
"G",1626202,"Joe Young"
"G",203895,"Jordan McRae"
"G",1626153,"Delon Wright"
"G",201603,"Sonny Weems"
"G",204067,"Jarell Eddie"
"G",1626154,"RJ Hunter"
"G",1626179,"Terry Rozier"
"G",202726,"Andrew Goudelock"
"G",1626192,"Pat Connaughton"
"G",1626151,"Aaron Harrison"
"G",1626242,"Luis Montero"
"G",203951,"Keith Appling"
"G",1628021,"David Nwaba"
"G",1627785,"Isaiah Whitehead"
"G",1627763,"Malcolm Brogdon"
"G",203585,"Rodney McGruder"
"G",1627741,"Buddy Hield"
"G",1627750,"Jamal Murray"
"G",1627812,"Yogi Ferrell"
"G",1626150,"Andrew Harrison"
"G",1627747,"Caris LeVert"
"G",1627780,"Gary Payton II"
"G",1627758,"Ron Baker"
"G",1627782,"Wayne Selden"
"G",1627789,"Timothe Luwawu-Cabarrot"
"G",1627739,"Kris Dunn"
"G",1627756,"Denzel Valentine"
"G",1627755,"Tyler Ulis"
"G",1627775,"Patrick McCaw"
"G",203937,"Kyle Anderson"
"G",1626184,"Chasson Randle"
"G",1627098,"Malcolm Delaney"
"G",200771,"Sergio Rodriguez"
"G",202732,"DeAndre Liggins"
"G",1626780,"Jonathan Gibson"
"G",1627735,"Wade Baldwin IV"
"G",203518,"Alex Abrines"
"G",203902,"Semaj Christon"
"G",1627815,"Sheldon Mac"
"G",203107,"Tomas Satoransky"
"G",1626188,"Quinn Cook"
"G",1627879,"Nicolas Laprovittola"
"G",1626199,"Darrun Hilliard"
"G",1627761,"DeAndre' Bembry"
"G",203510,"Pierre Jackson"
"G",1627875,"Marcus Georges-Hunt"
"G",1627819,"Isaiah Taylor"
"G",1627832,"Fred VanVleet"
"G",1627736,"Malik Beasley"
"G",1627749,"Dejounte Murray"
"G",1627781,"Malachi Richardson"
"G",1627770,"Kay Felder"
"G",1627854,"Bryn Forbes"
"G",1627771,"Michael Gbinije"
"G",1626203,"Treveon Graham"
"G",201628,"Bobby Brown"
"G",1627817,"Tim Quarterman"
"G",1627868,"Patricio Garino"
"G",1627743,"Demetrius Jackson"
"G",1627732,"Ben Simmons"
"G",1628366,"Lonzo Ball"
"G",2544,"LeBron James"
"G",1627742,"Brandon Ingram"
"G",1627820,"Tyrone Wallace"
"G",1628415,"Dillon Brooks"
"G",1628372,"Dennis Smith Jr."
"G",1628404,"Josh Hart"
"G",1628378,"Donovan Mitchell"
"G",1628368,"De'Aaron Fox"
"G",1626159,"Justise Winslow"
"G",1627759,"Jaylen Brown"
"G",1628504,"Xavier Rathan-Mayes"
"G",1628462,"Milos Teodosic"
"G",203992,"Bogdan Bogdanovic"
"G",1627814,"Damion Lee"
"G",1628367,"Josh Jackson"
"G",2772,"Trevor Ariza"
"G",201281,"Andre Ingram"
"G",203710,"C.J. Williams"
"G",1628373,"Frank Ntilikina"
"G",1628365,"Markelle Fultz"
"G",1628935,"Aaron Jackson"
"G",1627982,"Josh Gray"
"G",1628455,"Mike James"
"G",1627885,"Shaquille Harrison"
"G",1628503,"Jamel Artis"
"G",1628414,"Sindarius Thornwell"
"G",1628470,"Torrey Craig"
"G",1628416,"Tyler Dorsey"
"G",1628379,"Luke Kennard"
"G",1627863,"Danuel House Jr."
"G",1628537,"Jaylen Morris"
"G",203962,"Josh Huestis"
"G",1628469,"Antonio Blakeney"
"G",1627858,"Kyle Collinsworth"
"G",1627884,"Derrick Jones Jr."
"G",1628393,"Jawun Evans"
"G",1627936,"Alex Caruso"
"G",1628425,"Sterling Brown"
"G",1628424,"Kobi Simmons"
"G",1628412,"Frank Mason"
"G",203705,"Josh Magette"
"G",1628681,"Rodney Purvis"
"G",1626224,"Cedi Osman"
"G",1628401,"Derrick White"
"G",1628390,"Terrance Ferguson"
"G",1628370,"Malik Monk"
"G",1628443,"Kadeem Allen"
"G",1628422,"Damyean Dotson"
"G",1628492,"Gian Clavell"
"G",203464,"Brandon Paul"
"G",1628495,"Milton Doyle"
"G",1627853,"Ryan Arcidiacono"
"G",1628432,"Davon Reed"
"G",204066,"John Holland"
"G",1628476,"Derrick Walton Jr."
"G",1628420,"Monte Morris"
"G",202918,"Xavier Silas"
"G",1628506,"London Perrantes"
"G",2863,"Damien Wilkins"
"G",1628444,"Jabari Bird"
"G",1628499,"Antonius Cleveland"
"G",203498,"Shabazz Muhammad"
"G",1627788,"Furkan Korkmaz"
"G",1627215,"Walt Lemon Jr."
"G",1628408,"PJ Dozier"
"G",1627772,"Daniel Hamilton"
"G",1628429,"Charles Cooke"
"G",1626643,"Jacob Pullen"
"G",1627779,"Marcus Paige"
"G",1626148,"Anthony Brown"
"G",1628410,"Edmond Sumner"
"G",1628475,"Matt Williams Jr."
"G",203687,"Reggie Hearn"
"G",1629029,"Luka Doncic"
"G",1629012,"Collin Sexton"
"G",1628983,"Shai Gilgeous-Alexander"
"G",1629027,"Trae Young"
"G",1629026,"Kenrich Williams"
"G",1629006,"Josh Okogie"
"G",1628989,"Kevin Huerter"
"G",1629013,"Landry Shamet"
"G",1628971,"Bruce Brown"
"G",1628973,"Jalen Brunson"
"G",1629001,"De'Anthony Melton"
"G",1629019,"Allonzo Trier"
"G",1628407,"Dwayne Bacon"
"G",1628959,"Rawle Alkins"
"G",1628402,"Frank Jackson"
"G",1628515,"Isaiah Briscoe"
"G",1629015,"Zhaire Smith"
"G",1628978,"Donte DiVincenzo"
"G",1629059,"Elie Okobo"
"G",1629033,"Theo Pinson"
"G",1628988,"Aaron Holiday"
"G",1629244,"Cameron Reynolds"
"G",1629541,"Dairis Bertans"
"G",1628975,"Jevon Carter"
"G",1628960,"Grayson Allen"
"G",1627395,"Julian Washburn"
"G",1628984,"Devonte' Graham"
"G",1629018,"Gary Trent Jr."
"G",1629003,"Shake Milton"
"G",1629139,"Yuta Watanabe"
"G",1629102,"Brandon Sampson"
"G",1629121,"Jaylen Adams"
"G",1629004,"Svi Mykhailiuk"
"G",1628980,"Jacob Evans"
"G",1629151,"Ryan Broekhoff"
"G",1628656,"Billy Garrett"
"G",1628249,"Mitchell Creek"
"G",202954,"Brad Wanamaker"
"G",1629010,"Jerome Robinson"
"G",1628977,"Hamidou Diallo"
"G",1629133,"Daryl Macon"
"G",1629126,"Deonte Burton"
"G",1629014,"Anfernee Simons"
"G",1628605,"Dusty Hannahs"
"G",1629123,"Jared Terrell"
"G",1629122,"J.P. Macura"
"G",1629067,"Isaac Bonga"
"G",1629185,"Chris Chiozza"
"G",1629022,"Lonnie Walker IV"
"G",1628513,"Naz Mitrou-Long"
"G",1629017,"Khyri Thomas"
"G",1628979,"Trevon Duval"
"G",1629152,"DeVaughn Akoon-Purcell"
"G",203159,"Scott Machado"
"G",1628070,"Jordan Loyd"
"G",1629058,"Dzanan Musa"
"G",1628505,"Troy Caupain"
"G",1628982,"Melvin Frazier Jr."
"G",1629164,"Brandon Goodwin"
"G",1628769,"Tahjere McCall"
"G",1629631,"De'Andre Hunter"
"G",1629630,"Ja Morant"
"G",1626162,"Kelly Oubre Jr."
"G",1629636,"Darius Garland"
"G",1628539,"Mychal Mulder"
"G",1629628,"RJ Barrett"
"G",1629134,"Kendrick Nunn"
"G",1628369,"Jayson Tatum"
"G",1629634,"Brandon Clarke"
"G",1629647,"Darius Bazley"
"G",200752,"Rudy Gay"
"G",1629645,"Kevin Porter Jr."
"G",1628972,"Troy Brown Jr."
"G",1629639,"Tyler Herro"
"G",1629629,"Cam Reddish"
"G",1629065,"Ky Bowman"
"G",1629652,"Luguentz Dort"
"G",203090,"Maurice Harkless"
"G",1629640,"Keldon Johnson"
"G",1629633,"Jarrett Culver"
"G",1629680,"Matisse Thybulle"
"G",1629659,"Talen Horton-Tucker"
"G",1628990,"Chandler Hutchison"
"G",1629632,"Coby White"
"G",1629162,"Jordan McLaughlin"
"G",1629216,"Gabe Vincent"
"G",1629147,"Joe Chealey"
"G",1629056,"Terence Davis"
"G",1629673,"Jordan Poole"
"G",1629638,"Nickeil Alexander-Walker"
"G",1629611,"Terance Mann"
"G",1629678,"Admiral Schofield"
"G",1629725,"Jeremiah Martin"
"G",1629671,"Miye Oni"
"G",1626187,"Michael Frazier II"
"G",1629642,"Nassir Little"
"G",1629723,"John Konchar"
"G",1629660,"Ty Jerome"
"G",1629641,"Romeo Langford"
"G",1629682,"Tremont Waters"
"G",1629599,"Amir Coffey"
"G",1629744,"Matt Thomas"
"G",1629690,"Adam Mokoka"
"G",1629598,"Chris Clemons"
"G",1629610,"DaQuan Jeffries"
"G",202951,"Jeremy Pargo"
"G",1629726,"Garrison Mathews"
"G",1629669,"Jaylen Nowell"
"G",1629713,"Justin James"
"G",1629668,"Zach Norvell Jr."
"G",1629741,"Marko Guduric"
"G",1629760,"Matt Mooney"
"G",1629750,"Javonte Green"
"G",1629621,"Marial Shayok"
"G",1628430,"Nigel Williams-Goss"
"G",1629625,"Justin Wright-Foreman"
"G",1629665,"Jalen Lecque"
"G",1629729,"Josh Reaves"
"G",1629739,"William Howard"
"G",1629644,"KZ Okpala"
"G",1629730,"Rayjon Tucker"
"G",1626169,"Stanley Johnson"
"G",1629052,"Oshae Brissett"
"G",1628778,"Paul Watson"
"G",1629620,"Justin Robinson"
"G",1629035,"Carsen Edwards"
"G",1626259,"Malcolm Miller"
"G",1628985,"Devon Hall"
"G",1628968,"Brian Bowen II"
"G",1629683,"Quinndary Weatherspoon"
"G",1629718,"Charlie Brown Jr."
"G",1629044,"Shamorie Ponds"
"G",1629622,"Max Strus"
"G",1629648,"Jordan Bone"
"G",1629657,"Kyle Guy"
"G",1630171,"Isaac Okoro"
"G",1630175,"Cole Anthony"
"G",1630162,"Anthony Edwards"
"G",1630165,"Killian Hayes"
"G",1630169,"Tyrese Haliburton"
"G",1630177,"Theo Maledon"
"G",1629751,"Dakota Mathias"
"G",1629712,"Didi Louzada"
"G",1630163,"LaMelo Ball"
"G",1630267,"Facundo Campazzo"
"G",1629717,"Armoni Brooks"
"G",1630201,"Malachi Flynn"
"G",1630217,"Desmond Bane"
"G",1630271,"Brodric Thomas"
"G",1630181,"R.J. Hampton"
"G",1630240,"Saben Lee"
"G",1629685,"Dylan Windler"
"G",1630184,"Kira Lewis Jr."
"G",1630202,"Payton Pritchard"
"G",1630193,"Immanuel Quickley"
"G",1630174,"Aaron Nesmith"
"G",1630170,"Devin Vassell"
"G",1630206,"Jay Scrubb"
"G",1630178,"Tyrese Maxey"
"G",1630223,"Jalen Harris"
"G",1630198,"Isaiah Joe"
"G",1630211,"Karim Mane"
"G",1630241,"Sam Merrill"
"G",1630235,"Trent Forrest"
"G",1629962,"Devin Cannady"
"G",1630185,"Nico Mannion"
"G",1630186,"Jahmi'us Ramsey"
"G",1629686,"Deividas Sirvydis"
"G",1630182,"Josh Green"
"G",1630200,"Tre Jones"
"G",1630219,"Skylar Mays"
"G",1630222,"Mason Jones"
"G",1630210,"Markus Howard"
"G",1629604,"CJ Elleby"
"G",1629653,"Devon Dotson"
"G",1630216,"Cassius Winston"
"G",1630179,"Tyrell Terry"
"G",1629833,"Keljin Blevins"
"G",1630199,"Cassius Stanley"
"G",1630207,"Nate Hinton"
"G",1630234,"Ty-Shon Alexander"
"G",1629607,"Jared Harper"
"G",1630190,"Elijah Hughes"
"G",1630268,"Nate Darling"
"G",1630203,"Grant Riller"
"F",201586,"Serge Ibaka"
"F",201567,"Kevin Love"
"F",200746,"LaMarcus Aldridge"
"F",200794,"Paul Millsap"
"F",2200,"Pau Gasol"
"F",203076,"Anthony Davis"
"F",2746,"Josh Smith"
"F",2547,"Chris Bosh"
"F",201152,"Thaddeus Young"
"F",202324,"Derrick Favors"
"F",1495,"Tim Duncan"
"F",203093,"Terrence Jones"
"F",101135,"David Lee"
"F",201143,"Al Horford"
"F",2216,"Zach Randolph"
"F",201583,"Ryan Anderson"
"F",2730,"Dwight Howard"
"F",101112,"Channing Frye"
"F",1717,"Dirk Nowitzki"
"F",202328,"Greg Monroe"
"F",201933,"Blake Griffin"
"F",201160,"Jason Smith"
"F",202331,"Paul George"
"F",203096,"Jared Sullinger"
"F",202699,"Tobias Harris"
"F",201959,"Taj Gibson"
"F",101161,"Amir Johnson"
"F",202710,"Jimmy Butler"
"F",2403,"Nene"
"F",2736,"Luol Deng"
"F",200745,"Andrea Bargnani"
"F",201142,"Kevin Durant"
"F",201587,"Nicolas Batum"
"F",201581,"JJ Hickson"
"F",203101,"Miles Plumlee"
"F",202713,"Kyle Singler"
"F",202684,"Tristan Thompson"
"F",201163,"Wilson Chandler"
"F",202718,"Chandler Parsons"
"F",202325,"Wesley Johnson"
"F",201960,"DeMarre Carroll"
"F",101138,"Brandon Bass"
"F",202702,"Kenneth Faried"
"F",2546,"Carmelo Anthony"
"F",1890,"Shawn Marion"
"F",203527,"Ryan Kelly"
"F",202323,"Evan Turner"
"F",203089,"John Henson"
"F",201177,"Josh McRoberts"
"F",201145,"Jeff Green"
"F",2440,"Matt Barnes"
"F",203110,"Draymond Green"
"F",201175,"Glen Davis"
"F",101141,"Ersan Ilyasova"
"F",201147,"Corey Brewer"
"F",202693,"Markieff Morris"
"F",2203,"Shane Battier"
"F",2738,"Andre Iguodala"
"F",200752,"Rudy Gay"
"F",201980,"Danny Green"
"F",201941,"Jordan Hill"
"F",2594,"Kyle Korver"
"F",203114,"Khris Middleton"
"F",1718,"Paul Pierce"
"F",2564,"Boris Diaw"
"F",2743,"Kris Humphries"
"F",203077,"Michael Kidd-Gilchrist"
"F",2544,"LeBron James"
"F",201167,"Arron Afflalo"
"F",2561,"David West"
"F",202695,"Kawhi Leonard"
"F",101107,"Marvin Williams"
"F",201936,"Tyreke Evans"
"F",201574,"Jason Thompson"
"F",202335,"Patrick Patterson"
"F",203082,"Terrence Ross"
"F",203482,"Kelly Olynyk"
"F",202327,"Ekpe Udoh"
"F",2772,"Trevor Ariza"
"F",202341,"James Anderson"
"F",979,"Jermaine O'Neal"
"F",201162,"Jared Dudley"
"F",101123,"Gerald Green"
"F",200761,"Shawne Williams"
"F",202330,"Gordon Hayward"
"F",202329,"Al-Farouq Aminu"
"F",2405,"Amar'e Stoudemire"
"F",2399,"Mike Dunleavy"
"F",201967,"Dante Cunningham"
"F",101154,"Andray Blatche"
"F",200782,"P.J. Tucker"
"F",2210,"Richard Jefferson"
"F",2430,"Carlos Boozer"
"F",203084,"Harrison Barnes"
"F",203141,"Mirza Teletovic"
"F",202970,"Gustavo Ayon"
"F",1882,"Elton Brand"
"F",203507,"Giannis Antetokounmpo"
"F",203486,"Mason Plumlee"
"F",1713,"Vince Carter"
"F",202694,"Marcus Morris Sr."
"F",2694,"Josh Powell"
"F",202697,"Iman Shumpert"
"F",203090,"Maurice Harkless"
"F",203106,"Jeffery Taylor"
"F",201156,"Nick Young"
"F",202344,"Trevor Booker"
"F",2747,"JR Smith"
"F",2365,"Chris Andersen"
"F",203124,"Kyle O'Quinn"
"F",101110,"Martell Webster"
"F",202337,"Luke Babbitt"
"F",202730,"Lavoy Allen"
"F",202399,"Jeff Adrien"
"F",202682,"Derrick Williams"
"F",2400,"Drew Gooden"
"F",201949,"James Johnson"
"F",708,"Kevin Garnett"
"F",2406,"Caron Butler"
"F",203138,"Hollis Thompson"
"F",201589,"Darrell Arthur"
"F",2030,"Kenyon Martin"
"F",1740,"Rashard Lewis"
"F",2419,"Tayshaun Prince"
"F",201229,"Anthony Tolliver"
"F",202700,"Donatas Motiejunas"
"F",201956,"Omri Casspi"
"F",2566,"Travis Outlaw"
"F",101128,"Francisco Garcia"
"F",203094,"Andrew Nicholson"
"F",201563,"Michael Beasley"
"F",201978,"Chase Budinger"
"F",201148,"Brandan Wright"
"F",202333,"Xavier Henry"
"F",203469,"Cody Zeller"
"F",203102,"Arnett Moultrie"
"F",202874,"Chris Wright"
"F",203092,"Tyler Zeller"
"F",200777,"Joel Freeland"
"F",202379,"Jeremy Evans"
"F",203113,"Quincy Miller"
"F",201171,"Carl Landry"
"F",2222,"Gerald Wallace"
"F",2501,"Reggie Evans"
"F",202706,"Jordan Hamilton"
"F",201971,"DeJuan Blair"
"F",2422,"John Salmons"
"F",202686,"Jan Vesely"
"F",202334,"Ed Davis"
"F",201576,"Anthony Randolph"
"F",2449,"Luis Scola"
"F",202363,"Jarvis Varnado"
"F",203118,"Mike Scott"
"F",101187,"Alan Anderson"
"F",200839,"Mike Harris"
"F",2555,"Nick Collison"
"F",203187,"Chris Johnson"
"F",2034,"Mike Miller"
"F",201947,"Earl Clark"
"F",101131,"Jason Maxiell"
"F",203112,"Quincy Acy"
"F",101122,"Danny Granger"
"F",2748,"Dorell Wright"
"F",202347,"Quincy Pondexter"
"F",201965,"Jeff Ayres"
"F",202687,"Bismack Biyombo"
"F",201601,"Luc Mbah a Moute"
"F",1712,"Antawn Jamison"
"F",101236,"Chuck Hayes"
"F",202345,"Damion James"
"F",202087,"Alonzo Gee"
"F",202720,"Jon Leuer"
"F",1897,"Metta World Peace"
"F",203263,"James Nunnally"
"F",203121,"Darius Miller"
"F",202361,"Landry Fields"
"F",203318,"Glen Rice"
"F",201964,"Victor Claver"
"F",203103,"Perry Jones III"
"F",201578,"Marreese Speights"
"F",201946,"Tyler Hansbrough"
"F",203460,"Andre Roberson"
"F",2592,"James Jones"
"F",202197,"Shane Edwards"
"F",203561,"Brandon Davies"
"F",201858,"Cartier Martin"
"F",2617,"Udonis Haslem"
"F",200756,"Hilton Armstrong"
"F",1733,"Al Harrington"
"F",1905,"Andrei Kirilenko"
"F",203109,"Jae Crowder"
"F",203133,"Robbie Hummel"
"F",201973,"Jonas Jerebko"
"F",202725,"Josh Harrellson"
"F",2588,"Matt Bonner"
"F",203461,"Anthony Bennett"
"F",2408,"Melvin Ely"
"F",200779,"Steve Novak"
"F",203080,"Thomas Robinson"
"F",202698,"Chris Singleton"
"F",202962,"Greg Smith"
"F",202719,"Jeremy Tyler"
"F",200811,"Lou Amundson"
"F",2045,"Hedo Turkoglu"
"F",203382,"Aron Baynes"
"F",203548,"Elias Harris"
"F",200780,"Solomon Jones"
"F",202952,"Malcolm Thomas"
"F",101111,"Charlie Villanueva"
"F",203524,"Solomon Hill"
"F",2586,"Keith Bogans"
"F",1536,"Stephen Jackson"
"F",201948,"Austin Daye"
"F",2446,"Rasual Butler"
"F",203498,"Shabazz Muhammad"
"F",101183,"Shavlik Randolph"
"F",203480,"James Southerland"
"F",203091,"Royce White"
"F",203142,"Chris Copeland"
"F",203540,"Gigi Datome"
"F",203129,"Tornike Shengelia"
"F",203502,"Tony Mitchell"
"F",203513,"Erik Murphy"
"F",203490,"Otto Porter Jr."
"F",202620,"Arinze Onuaku"
"F",203467,"Carrick Felix"
"F",2735,"Josh Childress"
"F",202498,"Lance Thomas"
"F",201785,"Othyus Jeffers"
"F",200758,"Ronnie Brewer"
"F",203519,"Adonis Thomas"
"F",203496,"Robert Covington"
"F",201591,"DJ White"
"F",101155,"Ryan Gomes"
"F",203474,"DJ Stephens"
"F",202130,"Reggie Williams"
"F",203183,"Tony Mitchell"
"F",203457,"Nerlens Noel"
"F",203952,"Andrew Wiggins"
"F",201611,"Henry Walker"
"F",2207,"Joe Johnson"
"F",203953,"Jabari Parker"
"F",203940,"Adreian Payne"
"F",201945,"Gerald Henderson"
"F",204028,"Tarik Black"
"F",201568,"Danilo Gallinari"
"F",202703,"Nikola Mirotic"
"F",201150,"Spencer Hawes"
"F",202711,"Bojan Bogdanovic"
"F",203956,"Mitch McGary"
"F",203909,"KJ McDaniels"
"F",203924,"Jerami Grant"
"F",2754,"Tony Allen"
"F",203123,"Kostas Papanikolaou"
"F",203906,"Devyn Marble"
"F",203503,"Tony Snell"
"F",203918,"Rodney Hood"
"F",201595,"Joey Dorsey"
"F",203960,"JaKarr Sampson"
"F",203932,"Aaron Gordon"
"F",200757,"Thabo Sefolosha"
"F",204060,"Joe Ingles"
"F",203544,"Pero Antic"
"F",201158,"Marco Belinelli"
"F",203488,"Mike Muscala"
"F",203921,"Cleanthony Early"
"F",203949,"James Michael McAdoo"
"F",203516,"James Ennis III"
"F",203128,"Furkan Aldemir"
"F",203530,"Joffrey Lauvergne"
"F",203508,"Sergey Karasev"
"F",203928,"Cory Jefferson"
"F",203798,"PJ Hairston"
"F",204037,"Travis Wear"
"F",204014,"Damjan Rudez"
"F",203933,"T.J. Warren"
"F",203943,"Noah Vonleh"
"F",203459,"Allen Crabbe"
"F",203950,"Jarnell Stokes"
"F",203922,"Glenn Robinson III"
"F",203939,"Dwight Powell"
"F",203948,"Johnny O'Bryant III"
"F",203937,"Kyle Anderson"
"F",2853,"Earl Barron"
"F",203963,"Shayne Whittington"
"F",204079,"Drew Gordon"
"F",203926,"Doug McDermott"
"F",203210,"JaMychal Green"
"F",201575,"Brandon Rush"
"F",203923,"James Young"
"F",204022,"Jack Cooley"
"F",203511,"Grant Jerrett"
"F",2563,"Dahntay Jones"
"F",200748,"Tyrus Thomas"
"F",204033,"David Wear"
"F",203946,"Cameron Bairstow"
"F",204054,"Zoran Dragic"
"F",203998,"Bruno Caboclo"
"F",203315,"Toure' Murry"
"F",203961,"Eric Moreland"
"F",203944,"Julius Randle"
"F",202326,"DeMarcus Cousins"
"F",204001,"Kristaps Porzingis"
"F",1626157,"Karl-Anthony Towns"
"F",1626167,"Myles Turner"
"F",203086,"Meyers Leonard"
"F",203476,"Gorgui Dieng"
"F",203991,"Clint Capela"
"F",202083,"Wesley Matthews"
"F",1626159,"Justise Winslow"
"F",203095,"Evan Fournier"
"F",1626251,"Duje Dukan"
"F",203115,"Will Barton"
"F",203156,"Henry Sims"
"F",1626178,"Rondae Hollis-Jefferson"
"F",1626148,"Anthony Brown"
"F",203145,"Kent Bazemore"
"F",202357,"Nemanja Bjelica"
"F",1626171,"Bobby Portis"
"F",977,"Kobe Bryant"
"F",201168,"Tiago Splitter"
"F",101139,"CJ Miles"
"F",1626168,"Trey Lyles"
"F",1626204,"Larry Nance Jr."
"F",1626191,"Chris McCullough"
"F",1626169,"Stanley Johnson"
"F",1627293,"Alex Stepheson"
"F",1626209,"Mario Hezonja"
"F",1626158,"Richaun Holmes"
"F",1626149,"Montrezl Harrell"
"F",1626253,"Axel Toupane"
"F",1626185,"Jarell Martin"
"F",202338,"Kevin Seraphin"
"F",203186,"Willie Reed"
"F",1626210,"Alan Williams"
"F",202362,"Lance Stephenson"
"F",2760,"Anderson Varejao"
"F",1626162,"Kelly Oubre Jr."
"F",201977,"Marcus Thornton"
"F",1626174,"Christian Wood"
"F",203493,"Reggie Bullock"
"F",1626245,"Cristiano Felicio"
"F",202712,"Justin Harper"
"F",203962,"Josh Huestis"
"F",1626147,"Justin Anderson"
"F",203613,"Jonathon Simmons"
"F",203996,"Damien Inglis"
"F",202407,"Elijah Millsap"
"F",203934,"Lamar Patterson"
"F",1626199,"Darrun Hilliard"
"F",201603,"Sonny Weems"
"F",1626155,"Sam Dekker"
"F",204067,"Jarell Eddie"
"F",1626172,"Kevon Looney"
"F",1626146,"Cliff Alexander"
"F",1626175,"Jordan Mickey"
"F",1626266,"JJ O'Brien"
"F",1626183,"Branden Dawson"
"F",203999,"Nikola Jokic"
"F",203967,"Dario Saric"
"F",1627746,"Skal Labissiere"
"F",1627742,"Brandon Ingram"
"F",1627734,"Domantas Sabonis"
"F",1627737,"Marquese Chriss"
"F",203925,"Joe Harris"
"F",1627835,"Paul Zipser"
"F",1627848,"Shawn Long"
"F",1627783,"Pascal Siakam"
"F",1627827,"Dorian Finney-Smith"
"F",1627786,"Troy Williams"
"F",1627747,"Caris LeVert"
"F",1627752,"Taurean Prince"
"F",1627733,"Dragan Bender"
"F",1627767,"Cheick Diallo"
"F",1627884,"Derrick Jones Jr."
"F",1627823,"Juancho Hernangomez"
"F",1627816,"Alex Poythress"
"F",202722,"Davis Bertans"
"F",1627855,"Okaro White"
"F",1627789,"Timothe Luwawu-Cabarrot"
"F",1627748,"Thon Maker"
"F",1626176,"Rakeem Christmas"
"F",1627759,"Jaylen Brown"
"F",1627778,"Chinanu Onuaku"
"F",1627784,"Jarrod Uthoff"
"F",203518,"Alex Abrines"
"F",1627815,"Sheldon Mac"
"F",203107,"Tomas Satoransky"
"F",1626254,"Maurice Ndour"
"F",1627851,"Mindaugas Kuzminskas"
"F",1627761,"DeAndre' Bembry"
"F",1627852,"Nicolas Brussino"
"F",1626192,"Pat Connaughton"
"F",1627740,"Henry Ellenson"
"F",1627738,"Deyonta Davis"
"F",1627849,"Daniel Ochefu"
"F",1627771,"Michael Gbinije"
"F",1627762,"Joel Bolomboy"
"F",1626203,"Treveon Graham"
"F",1627744,"Brice Johnson"
"F",1627774,"Jake Layman"
"F",1627777,"Georges Niang"
"F",1627868,"Patricio Garino"
"F",1627791,"Ben Bentil"
"F",1627787,"Kyle Wiltjer"
"F",202336,"Larry Sanders"
"F",1627732,"Ben Simmons"
"F",1626196,"Josh Richardson"
"F",1628381,"John Collins"
"F",203200,"Justin Holiday"
"F",1628398,"Kyle Kuzma"
"F",1628374,"Lauri Markkanen"
"F",203501,"Tim Hardaway Jr."
"F",1628415,"Dillon Brooks"
"F",202734,"E'Twaun Moore"
"F",1626163,"Frank Kaminsky"
"F",1627756,"Denzel Valentine"
"F",1628021,"David Nwaba"
"F",202705,"MarShon Brooks"
"F",1628371,"Jonathan Isaac"
"F",1628467,"Maxi Kleber"
"F",1628369,"Jayson Tatum"
"F",1628367,"Josh Jackson"
"F",202066,"Garrett Temple"
"F",203966,"Jamil Wilson"
"F",1628397,"Ivan Rabb"
"F",1628464,"Daniel Theis"
"F",1628395,"Jordan Bell"
"F",200755,"JJ Redick"
"F",1628436,"Luke Kornet"
"F",203710,"C.J. Williams"
"F",1628384,"OG Anunoby"
"F",1628389,"Bam Adebayo"
"F",1628380,"Zach Collins"
"F",1627988,"Myke Henry"
"F",1628470,"Torrey Craig"
"F",1627863,"Danuel House Jr."
"F",204179,"Omari Johnson"
"F",1628382,"Justin Jackson"
"F",1628407,"Dwayne Bacon"
"F",1628400,"Semi Ojeleye"
"F",1628502,"Nigel Hayes"
"F",1628439,"Isaiah Hicks"
"F",1628405,"Johnathan Motley"
"F",1626220,"Royce O'Neale"
"F",1628411,"Wes Iwundu"
"F",1628463,"Tyler Cavanaugh"
"F",203585,"Rodney McGruder"
"F",1627782,"Wayne Selden"
"F",1627790,"Ante Zizic"
"F",1626224,"Cedi Osman"
"F",1627883,"Jalen Jones"
"F",1627821,"James Webb III"
"F",1628409,"Alec Peters"
"F",1626181,"Norman Powell"
"F",1627753,"Zhou Qi"
"F",1628451,"Jacob Wiley"
"F",1628421,"Devin Robinson"
"F",1627856,"Matt Costello"
"F",1627846,"Abdel Nader"
"F",1628388,"T.J. Leaf"
"F",1626259,"Malcolm Miller"
"F",1627824,"Guerschon Yabusele"
"F",1628510,"Andrew White III"
"F",204066,"John Holland"
"F",1628403,"Caleb Swanigan"
"F",1627866,"Jameel Warney"
"F",2863,"Damien Wilkins"
"F",1628391,"D.J. Wilson"
"F",1627788,"Furkan Korkmaz"
"F",1628493,"Mangok Mathiang"
"F",1628387,"Ike Anigbogu"
"F",1628035,"Alfonzo McKinnie"
"F",1626205,"Vincent Hunter"
"F",1628399,"Tyler Lydon"
"F",1627772,"Daniel Hamilton"
"F",1628571,"Erik McCree"
"F",1628500,"Ben Moore"
"F",203954,"Joel Embiid"
"F",1628999,"Yante Maten"
"F",1629029,"Luka Doncic"
"F",1629203,"Jemerrio Jones"
"F",1628991,"Jaren Jackson Jr."
"F",1628963,"Marvin Bagley III"
"F",1628969,"Mikal Bridges"
"F",1629045,"Bonzie Colson"
"F",1629026,"Kenrich Williams"
"F",1628995,"Kevin Knox II"
"F",1628970,"Miles Bridges"
"F",1629016,"Omari Spellman"
"F",1629066,"Rodions Kurucs"
"F",1628966,"Keita Bates-Diop"
"F",1628990,"Chandler Hutchison"
"F",1628413,"Jonah Bolden"
"F",1628385,"Harry Giles III"
"F",1629140,"Johnathan Williams"
"F",1628417,"Jaron Blossomgame"
"F",1628972,"Troy Brown Jr."
"F",1629109,"Gary Clark"
"F",1629034,"Ray Spalding"
"F",1629057,"Robert Williams III"
"F",1629033,"Theo Pinson"
"F",1629150,"Emanuel Terry"
"F",1629130,"Duncan Robinson"
"F",1627395,"Julian Washburn"
"F",1628392,"Isaiah Hartenstein"
"F",1629061,"Deng Adel"
"F",1629151,"Ryan Broekhoff"
"F",1628449,"Chris Boucher"
"F",1628656,"Billy Garrett"
"F",1628408,"PJ Dozier"
"F",1628249,"Mitchell Creek"
"F",1629053,"Vincent Edwards"
"F",1629094,"Marcus Derrickson"
"F",1629234,"Drew Eubanks"
"F",1628518,"Amile Jefferson"
"F",1629168,"BJ Johnson"
"F",1628993,"Alize Johnson"
"F",1628994,"George King"
"F",1628961,"Kostas Antetokounmpo"
"F",1629020,"Jarred Vanderbilt"
"F",1629002,"Chimezie Metu"
"F",1629312,"Haywood Highsmith"
"F",1629152,"DeVaughn Akoon-Purcell"
"F",1629058,"Dzanan Musa"
"F",1628982,"Melvin Frazier Jr."
"F",1629055,"Donte Grantham"
"F",1628418,"Thomas Bryant"
"F",1629631,"De'Andre Hunter"
"F",1629023,"P.J. Washington"
"F",1628976,"Wendell Carter Jr."
"F",1628983,"Shai Gilgeous-Alexander"
"F",1629011,"Mitchell Robinson"
"F",1629060,"Rui Hachimura"
"F",1629627,"Zion Williamson"
"F",1628971,"Bruce Brown"
"F",1629628,"RJ Barrett"
"F",1628989,"Kevin Huerter"
"F",203897,"Zach LaVine"
"F",1629675,"Naz Reid"
"F",1629634,"Brandon Clarke"
"F",1629677,"Luka Samanic"
"F",1627814,"Damion Lee"
"F",203087,"Jeremy Lamb"
"F",1629647,"Darius Bazley"
"F",1629645,"Kevin Porter Jr."
"F",1628394,"Anzejs Pasecniks"
"F",201580,"JaVale McGee"
"F",1629672,"Eric Paschall"
"F",1626143,"Jahlil Okafor"
"F",1629629,"Cam Reddish"
"F",1629021,"Moritz Wagner"
"F",201942,"DeMar DeRozan"
"F",1628998,"Cody Martin"
"F",1629308,"Juan Toscano-Anderson"
"F",1629635,"Sekou Doumbouya"
"F",1629637,"Jaxson Hayes"
"F",1629740,"Nicolo Melli"
"F",201149,"Joakim Noah"
"F",1629640,"Keldon Johnson"
"F",1628396,"Tony Bradley"
"F",1629651,"Nicolas Claxton"
"F",1629633,"Jarrett Culver"
"F",1629684,"Grant Williams"
"F",1629680,"Matisse Thybulle"
"F",1629626,"Bol Bol"
"F",1629667,"Jalen McDaniels"
"F",1629743,"Donta Hall"
"F",1628450,"Eric Mika"
"F",1629661,"Cameron Johnson"
"F",1628981,"Bruno Fernando"
"F",1629655,"Daniel Gafford"
"F",1629008,"Michael Porter Jr."
"F",203658,"Norvel Pelle"
"F",1629018,"Gary Trent Jr."
"F",1628997,"Caleb Martin"
"F",1629003,"Shake Milton"
"F",1629719,"Devontae Cacok"
"F",1629004,"Svi Mykhailiuk"
"F",1626195,"Willy Hernangomez"
"F",1628980,"Jacob Evans"
"F",1629103,"Kelan Martin"
"F",1629714,"Jarrell Brantley"
"F",1629735,"Chris Silva"
"F",1628425,"Sterling Brown"
"F",1629022,"Lonnie Walker IV"
"F",1629048,"Goga Bitadze"
"F",1629611,"Terance Mann"
"F",1629678,"Admiral Schofield"
"F",1629671,"Miye Oni"
"F",1629059,"Elie Okobo"
"F",1629642,"Nassir Little"
"F",1629346,"Alen Smailagic"
"F",1629597,"Zylan Cheatham"
"F",1629660,"Ty Jerome"
"F",1629641,"Romeo Langford"
"F",1629742,"Stanton Kidd"
"F",1629599,"Amir Coffey"
"F",1629738,"Vincent Poirier"
"F",1629610,"DaQuan Jeffries"
"F",1629126,"Deonte Burton"
"F",1629117,"Wenyen Gabriel"
"F",1629713,"Justin James"
"F",1629668,"Zach Norvell Jr."
"F",1629662,"Mfiondu Kabengele"
"F",1629734,"Kyle Alexander"
"F",1629752,"Juwan Morgan"
"F",1629750,"Javonte Green"
"F",1629621,"Marial Shayok"
"F",1629745,"Tariq Owens"
"F",1628987,"Kevin Hervey"
"F",203648,"Thanasis Antetokounmpo"
"F",1629729,"Josh Reaves"
"F",1629658,"Jaylen Hoard"
"F",1629644,"KZ Okpala"
"F",1629663,"Louis King"
"F",1629739,"William Howard"
"F",1629139,"Yuta Watanabe"
"F",1629052,"Oshae Brissett"
"F",1629724,"Vic Law"
"F",1629076,"Tyler Cook"
"F",1629731,"Dean Wade"
"F",1628968,"Brian Bowen II"
"F",1628427,"Vlatko Cancar"
"F",1629676,"Isaiah Roby"
"F",1629608,"Dewan Hernandez"
"F",1629649,"Ignas Brazdeikis"
"F",1629622,"Max Strus"
"F",1628419,"Cameron Oliver"
"F",1630191,"Isaiah Stewart"
"F",1630171,"Isaac Okoro"
"F",1630256,"Jae'Sean Tate"
"F",1630166,"Deni Avdija"
"F",1630183,"Jaden McDaniels"
"F",1629643,"Chuma Okeke"
"F",1630273,"Freddie Gillespie"
"F",1630172,"Patrick Williams"
"F",1630214,"Xavier Tillman"
"F",1630230,"Naji Marshall"
"F",1630237,"Anthony Lamb"
"F",1630180,"Saddiq Bey"
"F",1630231,"Kenyon Martin Jr."
"F",1630466,"Gabriel Deck"
"F",1630173,"Precious Achiuwa"
"F",1629603,"Mamadi Diakite"
"F",1630168,"Onyeka Okongwu"
"F",1629685,"Dylan Windler"
"F",1630174,"Aaron Nesmith"
"F",1630170,"Devin Vassell"
"F",1630221,"Josh Hall"
"F",1629606,"Robert Franks"
"F",1629244,"Cameron Reynolds"
"F",1630205,"Lamar Stevens"
"F",1630192,"Zeke Nnaji"
"F",1629681,"Killian Tillie"
"F",1630233,"Nathan Knight"
"F",1630253,"Sean McDermott"
"F",1629007,"Jontay Porter"
"F",1629617,"Reggie Perry"
"F",1630167,"Obi Toppin"
"F",1630238,"Malik Fitts"
"F",1629670,"Jordan Nwora"
"F",1630188,"Jalen Smith"
"F",1630264,"Anthony Gill"
"F",1629686,"Deividas Sirvydis"
"F",1630194,"Paul Reed"
"F",1630189,"Tyler Bey"
"F",1629604,"CJ Elleby"
"F",1630176,"Vernon Carey Jr."
"F",1628962,"Udoka Azubuike"
"F",1630207,"Nate Hinton"
"F",1630218,"Robert Woodard II"
